{"stats":{"minecraft:picked_up":{"minecraft:lime_bed":1,"minecraft:crafting_table":10,"minecraft:ladder":4,"minecraft:smithing_table":3,"minecraft:wooden_pickaxe":1,"minecraft:wither_rose":2,"another_furniture:oak_chair":8,"minecraft:oak_log":7,"minecraft:waxed_copper_block":1,"minecraft:gunpowder":3,"minecraft:dirt":21,"minecraft:item_frame":1,"minecraft:iron_leggings":1,"minecraft:bone":26,"minecraft:cyan_carpet":6,"minecraft:acacia_planks":14,"bosses_of_mass_destruction:soul_star":2,"minecraft:iron_ingot":25,"minecraft:calcite":11,"minecraft:oak_planks":16,"minecraft:soul_sand":2,"minecraft:dark_oak_stairs":2,"minecraft:furnace":11,"minecraft:book":9,"minecraft:stick":5,"more_beautiful_torches:cobblestone_torch":34,"minecraft:spruce_stairs":1,"minecraft:diorite":2,"minecraft:blast_furnace":19,"minecraft:mangrove_trapdoor":2,"minecraft:stone_pressure_plate":1,"minecraft:dark_oak_planks":2,"minecraft:skeleton_spawn_egg":3,"minecraft:husk_spawn_egg":3,"minecraft:arrow":15,"minecraft:rotten_flesh":43,"minecraft:hay_block":27,"minecraft:painting":1,"minecraft:golden_apple":1,"minecraft:coal":24,"minecraft:cobblestone":206},"minecraft:killed":{"minecraft:husk":43,"minecraft:creeper":1,"minecraft:skeleton":12,"minecraft:zombie":3},"minecraft:killed_by":{"minecraft:husk":2},"minecraft:custom":{"minecraft:interact_with_smithing_table":1,"minecraft:mob_kills":59,"minecraft:interact_with_crafting_table":17,"minecraft:open_barrel":20,"minecraft:eat_cake_slice":8,"minecraft:leave_game":1,"minecraft:time_since_death":12870,"minecraft:sleep_in_bed":1,"minecraft:climb_one_cm":5030,"minecraft:time_since_rest":187,"minecraft:sprint_one_cm":77301,"minecraft:damage_taken":2044,"minecraft:walk_one_cm":207000,"minecraft:drop":28,"minecraft:damage_dealt":16541,"minecraft:fly_one_cm":63763,"minecraft:open_chest":11,"minecraft:crouch_one_cm":8923,"minecraft:play_time":55220,"minecraft:deaths":2,"minecraft:sneak_time":5081,"minecraft:walk_under_water_one_cm":96,"minecraft:jump":510,"minecraft:interact_with_blast_furnace":1,"minecraft:walk_on_water_one_cm":7141,"minecraft:total_world_time":55220,"minecraft:fall_one_cm":11433,"minecraft:horse_one_cm":78},"minecraft:broken":{"minecraft:stone_pickaxe":1,"minecraft:stone_sword":1,"minecraft:iron_sword":1},"minecraft:used":{"minecraft:calcite":11,"more_beautiful_torches:cobblestone_torch":15,"minecraft:dark_oak_stairs":2,"minecraft:diorite":2,"minecraft:stone_sword":133,"minecraft:stone_pickaxe":189,"minecraft:ladder":4,"minecraft:wooden_pickaxe":16,"minecraft:leather_chestplate":1,"minecraft:iron_sword":263,"minecraft:chainmail_helmet":1,"another_furniture:oak_chair":2,"minecraft:dirt":2,"minecraft:crafting_table":6,"minecraft:lime_bed":1,"minecraft:spruce_stairs":1,"minecraft:chainmail_chestplate":1,"minecraft:painting":1,"minecraft:cake":2,"minecraft:dark_oak_planks":1,"minecraft:bread":28,"minecraft:iron_pickaxe":72,"minecraft:cyan_carpet":3,"minecraft:stone_axe":42,"minecraft:cobblestone":60,"minecraft:pumpkin_pie":1,"minecraft:golden_boots":1,"minecraft:iron_leggings":1},"minecraft:mined":{"minecraft:smithing_table":1,"minecraft:crafting_table":6,"minecraft:ladder":6,"minecraft:blast_furnace":9,"minecraft:grass_block":3,"minecraft:calcite":11,"minecraft:mangrove_trapdoor":1,"minecraft:cobblestone":22,"another_furniture:oak_chair":2,"minecraft:diorite":2,"minecraft:spawner":4,"minecraft:spruce_stairs":1,"minecraft:hay_block":19,"minecraft:lime_bed":1,"more_beautiful_torches:cobblestone_wall_torch":3,"minecraft:furnace":3,"more_beautiful_torches:cobblestone_torch":2,"minecraft:waxed_copper_block":1,"minecraft:wither_rose":1,"minecraft:dark_oak_stairs":2,"minecraft:bookshelf":1,"minecraft:grass":3,"minecraft:oak_log":7,"minecraft:coal_ore":8,"minecraft:cyan_carpet":5,"minecraft:dirt":6,"minecraft:gray_carpet":1,"minecraft:stone":74,"minecraft:dark_oak_planks":1},"minecraft:dropped":{"minecraft:bread":2,"minecraft:soul_sand":2,"minecraft:mangrove_trapdoor":2,"minecraft:rotten_flesh":1,"minecraft:copper_ingot":9,"minecraft:skeleton_spawn_egg":3,"bosses_of_mass_destruction:soul_star":2,"minecraft:leather_chestplate":1,"minecraft:hay_block":7,"minecraft:gunpowder":3,"minecraft:husk_spawn_egg":1,"minecraft:wither_rose":1,"minecraft:iron_leggings":1,"minecraft:stone_pressure_plate":1,"more_beautiful_torches:cobblestone_torch":16,"minecraft:wooden_pickaxe":2,"minecraft:dark_oak_planks":1,"minecraft:acacia_planks":14,"minecraft:cyan_carpet":2},"minecraft:crafted":{"minecraft:oak_planks":28,"minecraft:crafting_table":2,"minecraft:wooden_pickaxe":1,"minecraft:iron_sword":2,"another_furniture:oak_chair":3,"minecraft:furnace":1,"minecraft:copper_ingot":9,"minecraft:stone_axe":1,"minecraft:bread":61,"more_beautiful_torches:cobblestone_torch":32,"minecraft:stick":12,"minecraft:iron_pickaxe":1,"minecraft:stone_pickaxe":2,"minecraft:stone_sword":1,"minecraft:wheat":180}},"DataVersion":3465}