{"stats":{"minecraft:picked_up":{"minecraft:rotten_flesh":1,"minecraft:oak_log":7,"minecraft:dirt":7,"minecraft:cobblestone":21},"minecraft:killed":{"minecraft:zombie":1},"minecraft:custom":{"minecraft:time_since_rest":4197,"minecraft:crouch_one_cm":812,"minecraft:play_time":4197,"minecraft:sprint_one_cm":10758,"minecraft:damage_taken":80,"minecraft:walk_one_cm":6183,"minecraft:sneak_time":452,"minecraft:mob_kills":1,"minecraft:drop":2,"minecraft:jump":68,"minecraft:damage_dealt":59,"minecraft:time_since_death":4197,"minecraft:total_world_time":4197,"minecraft:interact_with_crafting_table":6,"minecraft:fall_one_cm":2158,"minecraft:fly_one_cm":14215},"minecraft:used":{"minecraft:dirt":1,"minecraft:crafting_table":1,"minecraft:stone_pickaxe":28,"minecraft:wooden_pickaxe":16},"minecraft:mined":{"minecraft:grass":1,"minecraft:grass_block":2,"minecraft:oak_log":7,"minecraft:dirt":5,"minecraft:stone":22},"minecraft:dropped":{"minecraft:rotten_flesh":1,"minecraft:wooden_pickaxe":1},"minecraft:crafted":{"minecraft:stone_sword":1,"minecraft:oak_planks":28,"minecraft:stone_axe":1,"minecraft:crafting_table":1,"minecraft:stick":8,"minecraft:stone_pickaxe":1,"minecraft:wooden_pickaxe":1}},"DataVersion":3465}