{"stats":{"minecraft:picked_up":{"minecraft:lime_bed":1,"minecraft:crafting_table":7,"minecraft:ladder":4,"minecraft:smithing_table":2,"minecraft:wooden_pickaxe":1,"another_furniture:oak_chair":5,"minecraft:oak_log":7,"minecraft:waxed_copper_block":1,"minecraft:dirt":14,"minecraft:iron_leggings":1,"minecraft:bone":10,"minecraft:cyan_carpet":5,"minecraft:acacia_planks":14,"minecraft:iron_ingot":11,"minecraft:calcite":2,"minecraft:oak_planks":8,"minecraft:soul_sand":2,"minecraft:dark_oak_stairs":1,"minecraft:furnace":7,"minecraft:book":6,"minecraft:stick":4,"more_beautiful_torches:cobblestone_torch":20,"minecraft:diorite":1,"minecraft:blast_furnace":10,"minecraft:stone_pressure_plate":1,"minecraft:skeleton_spawn_egg":3,"minecraft:husk_spawn_egg":2,"minecraft:arrow":6,"minecraft:rotten_flesh":24,"minecraft:hay_block":27,"minecraft:painting":1,"minecraft:coal":18,"minecraft:cobblestone":159},"minecraft:killed":{"minecraft:husk":31,"minecraft:skeleton":2,"minecraft:zombie":1},"minecraft:killed_by":{"minecraft:husk":1},"minecraft:custom":{"minecraft:interact_with_smithing_table":1,"minecraft:mob_kills":34,"minecraft:interact_with_crafting_table":16,"minecraft:open_barrel":15,"minecraft:eat_cake_slice":4,"minecraft:time_since_death":5194,"minecraft:climb_one_cm":1284,"minecraft:time_since_rest":5220,"minecraft:sprint_one_cm":57574,"minecraft:damage_taken":1378,"minecraft:walk_one_cm":148649,"minecraft:drop":18,"minecraft:damage_dealt":11122,"minecraft:fly_one_cm":57610,"minecraft:open_chest":6,"minecraft:crouch_one_cm":6626,"minecraft:play_time":40197,"minecraft:deaths":1,"minecraft:sneak_time":3411,"minecraft:jump":397,"minecraft:walk_on_water_one_cm":1144,"minecraft:total_world_time":40197,"minecraft:fall_one_cm":9114,"minecraft:horse_one_cm":78},"minecraft:broken":{"minecraft:stone_pickaxe":1,"minecraft:stone_sword":1},"minecraft:used":{"minecraft:calcite":2,"more_beautiful_torches:cobblestone_torch":8,"minecraft:dark_oak_stairs":1,"minecraft:diorite":1,"minecraft:stone_sword":133,"minecraft:stone_pickaxe":189,"minecraft:ladder":4,"minecraft:wooden_pickaxe":16,"minecraft:leather_chestplate":1,"minecraft:iron_sword":131,"another_furniture:oak_chair":2,"minecraft:dirt":2,"minecraft:crafting_table":5,"minecraft:lime_bed":1,"minecraft:chainmail_chestplate":1,"minecraft:painting":1,"minecraft:cake":2,"minecraft:bread":21,"minecraft:iron_pickaxe":26,"minecraft:cyan_carpet":3,"minecraft:stone_axe":32,"minecraft:cobblestone":37,"minecraft:iron_leggings":1},"minecraft:mined":{"minecraft:smithing_table":1,"minecraft:crafting_table":5,"minecraft:ladder":6,"minecraft:blast_furnace":5,"minecraft:grass_block":2,"minecraft:calcite":2,"minecraft:cobblestone":16,"another_furniture:oak_chair":2,"minecraft:diorite":1,"minecraft:spawner":1,"minecraft:hay_block":19,"minecraft:lime_bed":1,"more_beautiful_torches:cobblestone_wall_torch":2,"minecraft:furnace":3,"more_beautiful_torches:cobblestone_torch":2,"minecraft:waxed_copper_block":1,"minecraft:dark_oak_stairs":1,"minecraft:bookshelf":1,"minecraft:grass":2,"minecraft:oak_log":7,"minecraft:coal_ore":8,"minecraft:cyan_carpet":5,"minecraft:dirt":6,"minecraft:stone":74},"minecraft:dropped":{"minecraft:bread":2,"minecraft:soul_sand":2,"minecraft:rotten_flesh":1,"minecraft:copper_ingot":9,"minecraft:skeleton_spawn_egg":3,"minecraft:leather_chestplate":1,"minecraft:hay_block":7,"minecraft:husk_spawn_egg":1,"minecraft:iron_leggings":1,"minecraft:stone_pressure_plate":1,"more_beautiful_torches:cobblestone_torch":16,"minecraft:wooden_pickaxe":2,"minecraft:acacia_planks":14,"minecraft:cyan_carpet":1},"minecraft:crafted":{"minecraft:oak_planks":28,"minecraft:crafting_table":2,"minecraft:wooden_pickaxe":1,"minecraft:iron_sword":1,"another_furniture:oak_chair":3,"minecraft:furnace":1,"minecraft:copper_ingot":9,"minecraft:stone_axe":1,"minecraft:bread":61,"more_beautiful_torches:cobblestone_torch":32,"minecraft:stick":12,"minecraft:iron_pickaxe":1,"minecraft:stone_pickaxe":2,"minecraft:stone_sword":1,"minecraft:wheat":180}},"DataVersion":3465}