{"stats":{"minecraft:picked_up":{"minecraft:lime_bed":1,"minecraft:crafting_table":4,"minecraft:smithing_table":1,"minecraft:wooden_pickaxe":1,"another_furniture:oak_chair":2,"minecraft:oak_log":7,"minecraft:waxed_copper_block":1,"minecraft:dirt":8,"minecraft:iron_leggings":1,"minecraft:bone":5,"minecraft:cyan_carpet":2,"minecraft:acacia_planks":14,"minecraft:iron_ingot":2,"minecraft:calcite":1,"minecraft:soul_sand":2,"minecraft:furnace":3,"minecraft:stick":3,"more_beautiful_torches:cobblestone_torch":3,"minecraft:blast_furnace":5,"minecraft:stone_pressure_plate":1,"minecraft:skeleton_spawn_egg":3,"minecraft:husk_spawn_egg":1,"minecraft:arrow":3,"minecraft:rotten_flesh":7,"minecraft:hay_block":27,"minecraft:painting":1,"minecraft:coal":12,"minecraft:cobblestone":97},"minecraft:killed":{"minecraft:husk":5,"minecraft:skeleton":2,"minecraft:zombie":1},"minecraft:custom":{"minecraft:interact_with_smithing_table":1,"minecraft:mob_kills":8,"minecraft:interact_with_crafting_table":15,"minecraft:open_barrel":3,"minecraft:eat_cake_slice":4,"minecraft:time_since_death":28197,"minecraft:climb_one_cm":54,"minecraft:time_since_rest":28197,"minecraft:sprint_one_cm":49919,"minecraft:damage_taken":594,"minecraft:walk_one_cm":106492,"minecraft:drop":17,"minecraft:damage_dealt":2978,"minecraft:fly_one_cm":55800,"minecraft:open_chest":3,"minecraft:crouch_one_cm":3485,"minecraft:play_time":28197,"minecraft:sneak_time":1933,"minecraft:jump":310,"minecraft:walk_on_water_one_cm":1144,"minecraft:total_world_time":28197,"minecraft:fall_one_cm":8696,"minecraft:horse_one_cm":78},"minecraft:broken":{"minecraft:stone_pickaxe":1},"minecraft:used":{"minecraft:calcite":1,"more_beautiful_torches:cobblestone_torch":4,"minecraft:stone_sword":79,"minecraft:stone_pickaxe":185,"minecraft:wooden_pickaxe":16,"minecraft:leather_chestplate":1,"another_furniture:oak_chair":2,"minecraft:dirt":2,"minecraft:crafting_table":4,"minecraft:lime_bed":1,"minecraft:painting":1,"minecraft:cake":1,"minecraft:bread":11,"minecraft:iron_pickaxe":2,"minecraft:cyan_carpet":1,"minecraft:stone_axe":18,"minecraft:cobblestone":21,"minecraft:iron_leggings":1},"minecraft:mined":{"minecraft:smithing_table":1,"minecraft:crafting_table":4,"minecraft:blast_furnace":5,"minecraft:grass_block":2,"minecraft:calcite":1,"minecraft:cobblestone":7,"another_furniture:oak_chair":2,"minecraft:spawner":1,"minecraft:hay_block":19,"minecraft:lime_bed":1,"minecraft:furnace":3,"more_beautiful_torches:cobblestone_torch":1,"minecraft:waxed_copper_block":1,"minecraft:grass":2,"minecraft:oak_log":7,"minecraft:coal_ore":8,"minecraft:cyan_carpet":2,"minecraft:dirt":6,"minecraft:stone":74},"minecraft:dropped":{"minecraft:bread":2,"minecraft:soul_sand":2,"minecraft:rotten_flesh":1,"minecraft:copper_ingot":9,"minecraft:skeleton_spawn_egg":3,"minecraft:hay_block":7,"minecraft:husk_spawn_egg":1,"minecraft:iron_leggings":1,"minecraft:stone_pressure_plate":1,"more_beautiful_torches:cobblestone_torch":16,"minecraft:wooden_pickaxe":2,"minecraft:acacia_planks":14,"minecraft:cyan_carpet":1},"minecraft:crafted":{"minecraft:oak_planks":28,"minecraft:crafting_table":2,"minecraft:wooden_pickaxe":1,"another_furniture:oak_chair":3,"minecraft:furnace":1,"minecraft:copper_ingot":9,"minecraft:stone_axe":1,"minecraft:bread":61,"more_beautiful_torches:cobblestone_torch":32,"minecraft:stick":12,"minecraft:iron_pickaxe":1,"minecraft:stone_pickaxe":2,"minecraft:stone_sword":1,"minecraft:wheat":180}},"DataVersion":3465}