{"stats":{"minecraft:picked_up":{"minecraft:lime_bed":1,"minecraft:wooden_pickaxe":1,"another_furniture:oak_chair":2,"minecraft:oak_log":7,"minecraft:dirt":8,"minecraft:rotten_flesh":1,"minecraft:hay_block":20,"minecraft:coal":2,"minecraft:cobblestone":76},"minecraft:killed":{"minecraft:zombie":1},"minecraft:custom":{"minecraft:time_since_rest":16197,"minecraft:sprint_one_cm":41948,"minecraft:damage_taken":270,"minecraft:walk_one_cm":48286,"minecraft:mob_kills":1,"minecraft:drop":5,"minecraft:damage_dealt":219,"minecraft:interact_with_crafting_table":11,"minecraft:fly_one_cm":54935,"minecraft:open_chest":1,"minecraft:crouch_one_cm":1756,"minecraft:play_time":16197,"minecraft:sneak_time":984,"minecraft:jump":300,"minecraft:time_since_death":16197,"minecraft:total_world_time":16197,"minecraft:fall_one_cm":8485,"minecraft:horse_one_cm":78},"minecraft:broken":{"minecraft:stone_pickaxe":1},"minecraft:used":{"minecraft:stone_sword":4,"minecraft:bread":4,"minecraft:stone_pickaxe":135,"minecraft:wooden_pickaxe":16,"minecraft:stone_axe":6,"another_furniture:oak_chair":2,"minecraft:dirt":2,"minecraft:cobblestone":2,"minecraft:lime_bed":1,"minecraft:crafting_table":1},"minecraft:mined":{"minecraft:hay_block":19,"minecraft:lime_bed":1,"minecraft:coal_ore":2,"minecraft:grass":2,"minecraft:grass_block":2,"minecraft:oak_log":7,"minecraft:dirt":6,"minecraft:stone":74,"another_furniture:oak_chair":2},"minecraft:dropped":{"minecraft:bread":2,"minecraft:rotten_flesh":1,"minecraft:wooden_pickaxe":2},"minecraft:crafted":{"minecraft:oak_planks":28,"minecraft:crafting_table":2,"minecraft:stick":12,"minecraft:wooden_pickaxe":1,"minecraft:stone_pickaxe":2,"minecraft:stone_sword":1,"another_furniture:oak_chair":3,"minecraft:furnace":1,"minecraft:stone_axe":1,"minecraft:bread":61,"minecraft:wheat":180}},"DataVersion":3465}