{"stats":{"minecraft:picked_up":{"minecraft:mud":1,"minecraft:crafting_table":1,"minecraft:leather_chestplate":1,"minecraft:sandstone_slab":1,"minecraft:ladder":3,"minecraft:wooden_pickaxe":1,"minecraft:smoker":3,"minecraft:oak_log":3,"minecraft:dirt":4,"minecraft:dark_oak_trapdoor":4,"minecraft:iron_leggings":1,"minecraft:bone":2,"minecraft:cyan_carpet":4,"minecraft:acacia_planks":28,"minecraft:spruce_planks":2,"minecraft:calcite":8,"minecraft:soul_sand":6,"minecraft:dark_oak_stairs":1,"minecraft:book":6,"minecraft:copper_ingot":18,"minecraft:acacia_log":5,"more_beautiful_torches:cobblestone_torch":47,"minecraft:spruce_stairs":2,"minecraft:sand":2,"minecraft:diorite":2,"minecraft:cyan_bed":1,"minecraft:skeleton_spawn_egg":6,"minecraft:husk_spawn_egg":4,"minecraft:arrow":2,"minecraft:rotten_flesh":36,"minecraft:soul_lantern":1,"minecraft:hay_block":32,"minecraft:bread":2,"minecraft:coal":4,"minecraft:cobblestone":32},"minecraft:killed":{"minecraft:husk":24,"minecraft:skeleton":5},"minecraft:custom":{"minecraft:mob_kills":29,"minecraft:interact_with_crafting_table":9,"minecraft:open_barrel":5,"minecraft:bell_ring":13,"minecraft:eat_cake_slice":5,"minecraft:leave_game":1,"minecraft:time_since_death":7620,"minecraft:climb_one_cm":4350,"minecraft:time_since_rest":7674,"minecraft:sprint_one_cm":101574,"minecraft:damage_taken":2132,"minecraft:walk_one_cm":142063,"minecraft:drop":19,"minecraft:damage_dealt":9142,"minecraft:swim_one_cm":120,"minecraft:fly_one_cm":113262,"minecraft:open_chest":5,"minecraft:crouch_one_cm":7782,"minecraft:play_time":60164,"minecraft:deaths":6,"minecraft:sneak_time":2211,"minecraft:walk_under_water_one_cm":443,"minecraft:jump":624,"minecraft:walk_on_water_one_cm":630,"minecraft:total_world_time":60164,"minecraft:fall_one_cm":14228},"minecraft:killed_by":{"minecraft:husk":2,"minecraft:zombie":3,"graveyard:skeleton_creeper":1},"minecraft:used":{"more_beautiful_torches:cobblestone_torch":1,"minecraft:diorite":2,"minecraft:stone_pickaxe":22,"minecraft:wooden_pickaxe":42,"minecraft:iron_sword":71,"minecraft:dirt":2,"minecraft:crafting_table":2,"minecraft:iron_axe":117,"minecraft:bread":12,"minecraft:cyan_bed":1,"minecraft:iron_pickaxe":42,"minecraft:stone_axe":88,"minecraft:cobblestone":11},"minecraft:mined":{"minecraft:sandstone_slab":1,"minecraft:spruce_planks":1,"minecraft:soul_sand":2,"minecraft:smoker":1,"minecraft:crafting_table":1,"minecraft:ladder":1,"minecraft:acacia_log":5,"minecraft:calcite":4,"minecraft:tall_grass":2,"minecraft:cobblestone":14,"minecraft:cyan_bed":1,"minecraft:diorite":2,"minecraft:spawner":2,"minecraft:spruce_stairs":1,"minecraft:hay_block":19,"minecraft:dark_oak_trapdoor":2,"minecraft:mud":1,"minecraft:dark_oak_stairs":1,"minecraft:grass":1,"minecraft:bookshelf":1,"minecraft:oak_log":3,"minecraft:coal_ore":4,"minecraft:dirt":3,"minecraft:sand":2,"minecraft:stone":20},"minecraft:dropped":{"minecraft:sandstone_slab":1,"minecraft:rotten_flesh":18,"minecraft:skeleton_spawn_egg":1,"minecraft:dirt":2,"minecraft:ladder":1,"minecraft:iron_leggings":1,"minecraft:sand":2,"minecraft:wooden_pickaxe":1,"minecraft:mud":1,"minecraft:cyan_carpet":2},"minecraft:crafted":{"minecraft:oak_planks":12,"minecraft:crafting_table":1,"minecraft:wooden_pickaxe":1,"minecraft:iron_sword":1,"minecraft:stone_axe":1,"minecraft:bread":33,"minecraft:iron_axe":1,"minecraft:stick":16,"minecraft:iron_pickaxe":1,"minecraft:stone_pickaxe":1,"minecraft:wooden_axe":1,"minecraft:acacia_planks":20,"minecraft:wheat":99}},"DataVersion":3465}