{"stats":{"minecraft:picked_up":{"minecraft:wooden_pickaxe":1,"minecraft:sand":2,"minecraft:oak_log":3},"minecraft:killed_by":{"minecraft:zombie":3,"graveyard:skeleton_creeper":1},"minecraft:custom":{"minecraft:time_since_rest":19835,"minecraft:crouch_one_cm":1012,"minecraft:play_time":24164,"minecraft:sprint_one_cm":18959,"minecraft:deaths":4,"minecraft:damage_taken":1050,"minecraft:walk_one_cm":15978,"minecraft:sneak_time":361,"minecraft:drop":2,"minecraft:jump":208,"minecraft:damage_dealt":19,"minecraft:leave_game":1,"minecraft:walk_on_water_one_cm":380,"minecraft:time_since_death":19803,"minecraft:total_world_time":24164,"minecraft:interact_with_crafting_table":1,"minecraft:fall_one_cm":4673,"minecraft:fly_one_cm":47343},"minecraft:mined":{"minecraft:oak_log":3,"minecraft:sand":2,"minecraft:tall_grass":2},"minecraft:dropped":{"minecraft:sand":2},"minecraft:crafted":{"minecraft:oak_planks":12,"minecraft:stick":4,"minecraft:wooden_pickaxe":1,"minecraft:wooden_axe":1}},"DataVersion":3465}