{"stats":{"minecraft:picked_up":{"minecraft:mud":1,"minecraft:crafting_table":2,"minecraft:leather_chestplate":1,"minecraft:sandstone_slab":1,"minecraft:ladder":3,"minecraft:wooden_pickaxe":1,"minecraft:smoker":3,"minecraft:oak_log":3,"minecraft:dirt":4,"minecraft:dark_oak_trapdoor":4,"minecraft:iron_leggings":1,"minecraft:bone":4,"minecraft:cyan_carpet":4,"minecraft:acacia_planks":28,"minecraft:gray_carpet":2,"bosses_of_mass_destruction:soul_star":1,"minecraft:spruce_planks":2,"minecraft:iron_ingot":9,"minecraft:player_head":1,"minecraft:calcite":9,"minecraft:soul_sand":6,"minecraft:dark_oak_stairs":1,"minecraft:book":6,"minecraft:copper_ingot":18,"minecraft:acacia_log":5,"more_beautiful_torches:cobblestone_torch":47,"minecraft:spruce_stairs":2,"minecraft:sand":2,"minecraft:diorite":2,"minecraft:cyan_bed":1,"minecraft:mangrove_trapdoor":1,"minecraft:skeleton_spawn_egg":6,"minecraft:husk_spawn_egg":4,"minecraft:arrow":6,"minecraft:rotten_flesh":41,"minecraft:soul_lantern":1,"minecraft:hay_block":32,"minecraft:bread":2,"minecraft:coal":4,"minecraft:cobblestone":39},"minecraft:broken":{"minecraft:iron_axe":1},"minecraft:killed":{"minecraft:husk":38,"minecraft:skeleton":7,"minecraft:zombie":1},"minecraft:custom":{"minecraft:mob_kills":46,"minecraft:interact_with_crafting_table":10,"minecraft:open_barrel":13,"minecraft:bell_ring":13,"minecraft:eat_cake_slice":7,"minecraft:leave_game":2,"minecraft:time_since_death":22733,"minecraft:sleep_in_bed":2,"minecraft:climb_one_cm":7128,"minecraft:time_since_rest":277,"minecraft:sprint_one_cm":129785,"minecraft:damage_taken":2490,"minecraft:walk_one_cm":179497,"minecraft:drop":32,"minecraft:damage_dealt":14656,"minecraft:swim_one_cm":972,"minecraft:fly_one_cm":120188,"minecraft:open_chest":8,"minecraft:crouch_one_cm":10591,"minecraft:play_time":75277,"minecraft:deaths":6,"minecraft:sneak_time":4161,"minecraft:walk_under_water_one_cm":522,"minecraft:jump":722,"minecraft:walk_on_water_one_cm":5521,"minecraft:total_world_time":75277,"minecraft:fall_one_cm":15039},"minecraft:killed_by":{"minecraft:husk":2,"minecraft:zombie":3,"graveyard:skeleton_creeper":1},"minecraft:used":{"more_beautiful_torches:cobblestone_torch":4,"minecraft:diorite":2,"minecraft:stone_pickaxe":22,"minecraft:wooden_pickaxe":42,"minecraft:iron_sword":158,"minecraft:dirt":2,"minecraft:crafting_table":3,"minecraft:iron_axe":152,"minecraft:bread":20,"minecraft:cyan_bed":1,"minecraft:iron_pickaxe":63,"simplyswords:diamond_chakram":9,"minecraft:stone_axe":88,"minecraft:cobblestone":19},"minecraft:mined":{"minecraft:sandstone_slab":1,"minecraft:spruce_planks":1,"minecraft:soul_sand":2,"minecraft:smoker":1,"minecraft:crafting_table":2,"minecraft:ladder":1,"minecraft:acacia_log":5,"minecraft:calcite":5,"minecraft:mangrove_trapdoor":1,"minecraft:tall_grass":2,"minecraft:cobblestone":23,"minecraft:cyan_bed":1,"minecraft:diorite":2,"minecraft:spawner":2,"minecraft:spruce_stairs":1,"minecraft:hay_block":19,"minecraft:dark_oak_trapdoor":2,"minecraft:mud":1,"minecraft:dark_oak_stairs":1,"minecraft:grass":1,"minecraft:bookshelf":1,"minecraft:oak_log":3,"minecraft:coal_ore":4,"minecraft:dirt":3,"minecraft:sand":2,"minecraft:stone":20,"minecraft:player_head":1},"minecraft:dropped":{"minecraft:dark_oak_stairs":1,"minecraft:mangrove_trapdoor":1,"minecraft:sandstone_slab":1,"minecraft:rotten_flesh":41,"minecraft:spruce_stairs":1,"minecraft:skeleton_spawn_egg":1,"minecraft:dirt":2,"minecraft:spruce_planks":1,"minecraft:dark_oak_trapdoor":2,"minecraft:ladder":3,"minecraft:iron_leggings":1,"minecraft:sand":2,"minecraft:arrow":4,"minecraft:wooden_pickaxe":1,"minecraft:mud":1,"minecraft:calcite":5,"minecraft:gray_carpet":2,"minecraft:cyan_carpet":3},"minecraft:crafted":{"minecraft:oak_planks":12,"minecraft:crafting_table":2,"minecraft:wooden_pickaxe":1,"minecraft:iron_sword":1,"minecraft:stone_axe":1,"minecraft:bread":33,"minecraft:iron_axe":2,"minecraft:stick":20,"minecraft:iron_pickaxe":1,"minecraft:stone_pickaxe":1,"minecraft:wooden_axe":1,"minecraft:acacia_planks":20,"minecraft:wheat":99}},"DataVersion":3465}