{"stats":{"minecraft:picked_up":{"minecraft:mud":1,"minecraft:crafting_table":1,"minecraft:sandstone_slab":1,"minecraft:wooden_pickaxe":1,"minecraft:smoker":2,"minecraft:oak_log":3,"minecraft:dirt":4,"minecraft:iron_leggings":1,"minecraft:bone":2,"minecraft:cyan_carpet":3,"minecraft:acacia_planks":14,"minecraft:soul_sand":4,"minecraft:copper_ingot":9,"minecraft:acacia_log":5,"more_beautiful_torches:cobblestone_torch":32,"minecraft:sand":2,"minecraft:cyan_bed":1,"minecraft:skeleton_spawn_egg":4,"minecraft:husk_spawn_egg":1,"minecraft:arrow":2,"minecraft:rotten_flesh":14,"minecraft:soul_lantern":1,"minecraft:hay_block":25,"minecraft:bread":2,"minecraft:coal":4,"minecraft:cobblestone":22},"minecraft:killed":{"minecraft:husk":9,"minecraft:skeleton":5},"minecraft:custom":{"minecraft:mob_kills":14,"minecraft:interact_with_crafting_table":9,"minecraft:open_barrel":2,"minecraft:bell_ring":13,"minecraft:eat_cake_slice":3,"minecraft:leave_game":1,"minecraft:time_since_death":3882,"minecraft:time_since_rest":4005,"minecraft:sprint_one_cm":73997,"minecraft:damage_taken":1420,"minecraft:walk_one_cm":102656,"minecraft:drop":17,"minecraft:damage_dealt":3779,"minecraft:swim_one_cm":120,"minecraft:fly_one_cm":107862,"minecraft:open_chest":4,"minecraft:crouch_one_cm":5581,"minecraft:play_time":48164,"minecraft:deaths":5,"minecraft:sneak_time":1446,"minecraft:walk_under_water_one_cm":443,"minecraft:jump":523,"minecraft:walk_on_water_one_cm":630,"minecraft:total_world_time":48164,"minecraft:fall_one_cm":13896},"minecraft:killed_by":{"minecraft:husk":1,"minecraft:zombie":3,"graveyard:skeleton_creeper":1},"minecraft:used":{"minecraft:stone_pickaxe":22,"minecraft:wooden_pickaxe":42,"minecraft:iron_sword":39,"minecraft:dirt":2,"minecraft:crafting_table":2,"minecraft:iron_axe":26,"minecraft:bread":5,"minecraft:cyan_bed":1,"minecraft:iron_pickaxe":9,"minecraft:stone_axe":88,"minecraft:cobblestone":5},"minecraft:mined":{"minecraft:sandstone_slab":1,"minecraft:soul_sand":2,"minecraft:smoker":1,"minecraft:crafting_table":1,"minecraft:acacia_log":5,"minecraft:tall_grass":2,"minecraft:cobblestone":7,"minecraft:cyan_bed":1,"minecraft:spawner":1,"minecraft:hay_block":19,"minecraft:mud":1,"minecraft:grass":1,"minecraft:oak_log":3,"minecraft:coal_ore":4,"minecraft:dirt":3,"minecraft:sand":2,"minecraft:stone":20},"minecraft:dropped":{"minecraft:sandstone_slab":1,"minecraft:rotten_flesh":14,"minecraft:skeleton_spawn_egg":1,"minecraft:dirt":2,"minecraft:iron_leggings":1,"minecraft:sand":2,"minecraft:wooden_pickaxe":1,"minecraft:mud":1,"minecraft:cyan_carpet":2},"minecraft:crafted":{"minecraft:oak_planks":12,"minecraft:crafting_table":1,"minecraft:wooden_pickaxe":1,"minecraft:iron_sword":1,"minecraft:stone_axe":1,"minecraft:bread":33,"minecraft:iron_axe":1,"minecraft:stick":16,"minecraft:iron_pickaxe":1,"minecraft:stone_pickaxe":1,"minecraft:wooden_axe":1,"minecraft:acacia_planks":20,"minecraft:wheat":99}},"DataVersion":3465}