{"stats":{"minecraft:picked_up":{"minecraft:mud":1,"minecraft:crafting_table":1,"minecraft:sandstone_slab":1,"minecraft:acacia_log":5,"minecraft:wooden_pickaxe":1,"minecraft:smoker":1,"minecraft:sand":2,"minecraft:oak_log":3,"minecraft:cyan_bed":1,"minecraft:dirt":4,"minecraft:skeleton_spawn_egg":1,"minecraft:rotten_flesh":4,"minecraft:soul_lantern":1,"minecraft:hay_block":11,"minecraft:bread":2,"minecraft:coal":2,"minecraft:cobblestone":18},"minecraft:killed_by":{"graveyard:skeleton_creeper":1,"minecraft:zombie":3},"minecraft:killed":{"minecraft:skeleton":1,"minecraft:husk":3},"minecraft:custom":{"minecraft:time_since_rest":31835,"minecraft:sprint_one_cm":51144,"minecraft:damage_taken":1060,"minecraft:walk_one_cm":50025,"minecraft:mob_kills":4,"minecraft:drop":10,"minecraft:damage_dealt":661,"minecraft:interact_with_crafting_table":6,"minecraft:fly_one_cm":104228,"minecraft:open_chest":1,"minecraft:crouch_one_cm":2098,"minecraft:play_time":36164,"minecraft:deaths":4,"minecraft:bell_ring":13,"minecraft:sneak_time":664,"minecraft:jump":495,"minecraft:leave_game":1,"minecraft:time_since_death":31803,"minecraft:walk_on_water_one_cm":380,"minecraft:total_world_time":36164,"minecraft:fall_one_cm":13629},"minecraft:used":{"minecraft:cyan_bed":1,"minecraft:bread":3,"minecraft:stone_pickaxe":12,"minecraft:wooden_pickaxe":42,"minecraft:stone_axe":55,"minecraft:dirt":2,"minecraft:crafting_table":1},"minecraft:mined":{"minecraft:hay_block":12,"minecraft:sandstone_slab":1,"minecraft:mud":1,"minecraft:smoker":1,"minecraft:crafting_table":1,"minecraft:grass":1,"minecraft:acacia_log":5,"minecraft:coal_ore":2,"minecraft:oak_log":3,"minecraft:sand":2,"minecraft:dirt":3,"minecraft:tall_grass":2,"minecraft:cyan_bed":1,"minecraft:stone":20,"minecraft:spawner":1},"minecraft:dropped":{"minecraft:dirt":1,"minecraft:sandstone_slab":1,"minecraft:rotten_flesh":4,"minecraft:sand":2,"minecraft:mud":1,"minecraft:wooden_pickaxe":1},"minecraft:crafted":{"minecraft:oak_planks":12,"minecraft:crafting_table":1,"minecraft:stick":12,"minecraft:wooden_pickaxe":1,"minecraft:stone_pickaxe":1,"minecraft:wooden_axe":1,"minecraft:acacia_planks":20,"minecraft:stone_axe":1,"minecraft:bread":33,"minecraft:wheat":99}},"DataVersion":3465}